{"cameraMode":{"drawMode":0,"name":"Shaded","section":"Shading Mode"},"sceneLighting":false,"audioPlay":false,"sceneViewState":{"showFog":true,"showMaterialUpdate":false,"showSkybox":true,"showFlares":true,"showImageEffects":true,"showParticleSystems":true,"showVisualEffectGraphs":true,"m_FxEnabled":true},"in2DMode":false,"pivot":{"x":-22.77805519104004,"y":3.660449981689453,"z":22.57872772216797},"rotation":{"x":0.0042031873017549519,"y":-0.9757962226867676,"z":0.21907061338424684,"w":0.024329813197255136},"size":2.1213202476501467,"orthographic":false}