{"cameraMode":{"drawMode":0,"name":"Shaded","section":"Shading Mode"},"sceneLighting":true,"audioPlay":false,"sceneViewState":{"showFog":true,"showMaterialUpdate":false,"showSkybox":true,"showFlares":true,"showImageEffects":true,"showParticleSystems":true},"in2DMode":false,"pivot":{"x":-0.0690000057220459,"y":1.034999966621399,"z":-6.696000099182129},"rotation":{"x":0.2179342359304428,"y":-0.18463580310344697,"z":0.04203098267316818,"w":0.9574403166770935},"size":2.8578836917877199,"orthographic":false}